1,122.2
2,126.5
3,148.7
4,147.2
5,150
6,166.7
7,142.3
8,171.7
9,152
10,109.5
11,105.5
12,125.7
13,116.7
14,72.5
15,75.5
16,94
17,101.2
18,84.5
19,110.5
20,99.7
21,39.2
22,38.7
23,47.5
24,73.3
25,58.3
26,83.3
27,118.3
28,98.8
29,99.5
30,66
31,130.7
32,48.8
33,45.2
34,77.7
35,62.7
36,66.7
37,73.3
38,53.3
39,76.2
40,63.3
41,60
42,52.8
43,36.7
44,65
45,46.7
46,41.7
47,33.3
48,11.2
49,0
50,5
51,2.8
52,22.8
53,34.5
54,44.5
55,31.3
56,20.5
57,13.7
58,40.2
59,22
60,7
61,17
62,18.7
63,11.3
64,10.8
65,0
66,0
67,14.3
68,5.3
69,29.7
70,39.5
71,11.3
72,33.3
73,20.8
74,11.8
75,9
76,15.7
77,20.8
78,21.5
79,6
80,10.7
81,19.7
82,23.8
83,28.3
84,15.7
85,23.5
86,35.3
87,43.7
88,50
89,63.5
90,21.3
91,41.7
92,85.5
93,66.2
94,54.2
95,107.8
96,55.8
97,62.7
98,86.7
99,81.7
100,120.5
101,77.3
102,75
103,73.3
104,64.5
105,104.2
106,62.8
107,71.7
108,71.7
109,80.5
110,73.3
111,78
112,78.3
113,81.7
114,83.3
115,85
116,118.8
117,128.7
118,99.5
119,77.2
120,95
121,112.2
122,99.2
123,124.5
124,97.2
125,120
126,80.5
127,110
128,126
129,102.2
130,84.3
131,99.5
132,101.7
133,116.7
134,151.7
135,134.5
136,119.5
137,178.7
138,165.5
139,156.8
140,151.8
141,167.8
142,147.8
143,149.5
144,76.7
145,73
146,121.3
147,76.2
148,100.3
149,66.5
150,128.5
151,56.3
152,112.8
153,114.2
154,115.5
155,129.7
156,128.7
157,94.2
158,53.2
159,57
160,54.8
161,54.5
162,59.7
163,90.3
164,44.2
165,113.5
166,77.2
167,101.5
168,102.3
169,99.5
170,99.5
171,67
172,57.3
173,73.8
174,50
175,50
176,50
177,47
178,46.7
179,43.3
180,42.8
181,40
182,43.3
183,41.7
184,36.7
185,33.7
186,33.3
187,45
188,49.5
189,26.7
190,23.3
191,23.3
192,21.7
193,20
194,18.3
195,61
196,10
197,44.7
198,5
199,5.5
200,6.7
201,7.2
202,8.3
203,9.5
204,32
205,45.7
206,50
207,71.7
208,54.8
209,49.7
210,55.5
211,36.5
212,68
213,71.2
214,73.5
215,91.2
216,88.8
217,89.2
218,110.2
219,77.2
220,71.2
221,129.5
222,129
223,87.7
224,111.3
225,124.7
226,129.7
227,151
228,186.3
229,123.2
230,107
231,107.2
232,161.2
233,122.7
234,157.3
235,197.7
236,200.5
237,248
238,263.7
239,246.8
240,186.7
241,173.3
242,237.5
243,133.5
244,85
245,116.8
246,138.8
247,183
248,210.5
249,174
250,172.7
251,220.3
252,170.5
253,60
254,77
255,77.8
256,108.2
257,254.5
258,199.2
259,112.8
260,97.5
261,169
262,150
263,166.2
264,159.5
265,168.2
266,151.3
267,51.8
268,153.7
269,63.3
270,95
271,128.8
272,93.7
273,84.2
274,131
275,102.2
276,106.7
277,91
278,48.3
279,85.3
280,54.8
281,68.5
282,47.3
283,46.2
284,21.2
285,48.8
286,43.8
287,68.2
288,72
289,78
290,109
291,92.8
292,73
293,85.5
294,47.5
295,29.2
296,11
297,13.2
298,23.3
299,29.5
300,20.3
301,7.3
302,0
303,19.3
304,18.7
305,6.5
306,20.5
307,1.7
308,13.2
309,5.3
310,9.3
311,25.2
312,13.2
313,36.2
314,19.3
315,10.5
316,36.3
317,18.7
318,31.7
319,1.7
320,40.3
321,26.7
322,50
323,58.3
324,66.7
325,75
326,60.8
327,65
328,159.2
329,133.8
330,134.5
331,158.3
332,186.7
333,193.7
334,177.5
335,243.3
336,262.2
337,295.5
338,182.2
339,223.3
340,241.7
341,398.2
342,286
343,255
344,233.3
345,286.2
346,260.5
347,250.5
348,175
349,191.2
350,276.2
351,196.7
352,241.7
353,233.3
354,189.5
355,238.3
356,186.7
357,185
358,206.7
359,190
360,183.3
361,116.7
362,163.3
363,163.3
364,158.3
365,178.7
366,146.7
367,143.3
368,143.3
369,156.2
370,128.3
371,100
372,97.8
373,164.5
374,124.5
375,88.3
376,113.8
377,174.5
378,162.8
379,122.5
380,110
381,85
382,45.5
383,111.7
384,58.7
385,90
386,62.5
387,61.7
388,68.3
389,90.5
390,63.3
391,61.7
392,73.3
393,56.7
394,38.7
395,52.5
396,50
397,46.7
398,64.5
399,44.5
400,47.2
401,38.3
402,42
403,53.7
404,33.3
405,30
406,13.3
407,25
408,17.5
409,21.7
410,13.3
411,18.3
412,16.7
413,10
414,15
415,10
416,16.7
417,16.7
418,13.3
419,28.3
420,23.3
421,10.8
422,13.3
423,15
424,26.2
425,34.5
426,43.8
427,60.5
428,33.3
429,53.3
430,78.7
431,67
432,45.5
433,62
434,79.3
435,79.5
436,142.3
437,153.8
438,98.3
439,138.3
440,149.5
441,185.8
442,187.2
443,193.3
444,187.8
445,224.5
446,176.7
447,145.7
448,212
449,224.7
450,165.3
451,213.3
452,228.7
453,262.2
454,261.7
455,235.8
456,290
457,230
458,215.3
459,238.8
460,180.8
461,188.3
462,257
463,235.8
464,226.7
465,235
466,236.7
467,157.8
468,215.8
469,190
470,208.8
471,200
472,205.5
473,205.8
474,200
475,195
476,171.7
477,186.7
478,149.5
479,223.3
480,225.8
481,171.7
482,212.5
483,160.5
484,156.7
485,155
486,151.7
487,115.5
488,145
489,128.8
490,140.5
491,136.7
492,123.3
493,121.2
494,103.3
495,123.3
496,128.7
497,122.8
498,107
499,118.3
500,71.7
501,110.8
502,102.8
503,111.7
504,110
505,96.7
506,106.7
507,105
508,126.2
509,103.3
510,101.7
511,76.3
512,100
513,98.3
514,98.3
515,95
516,93.3
517,93.3
518,91.7
519,92.5
520,88.3
521,87.2
522,85
523,83.3
524,48.8
525,40
526,78.3
527,73.3
528,76.2
529,75
530,73.3
531,63.3
532,47.3
533,92.8
534,69.2
535,68.3
536,66.7
537,18.5
538,47.5
539,112.3
540,85.7
541,35.7
542,66.5
543,21
544,31
545,51.7
546,28.5
547,21.5
548,42.8
549,22.5
550,32.5
551,41.7
552,30
553,36.7
554,39.7
555,26.2
556,52.8
557,35
558,11.2
559,44.8
560,2.5
561,30.7
562,18.3
563,14
564,8.5
565,24
566,7
567,6.7
568,6.7
569,12.2
570,18.5
571,7.2
572,10
573,9.5
574,11.5
575,9.7
576,5
577,3.3
578,6.7
579,20.7
580,1.8
581,0
582,0
583,0
584,5
585,4
586,2.5
587,20.8
588,16.5
589,2.7
590,21
591,36.2
592,14
593,13.7
594,17.7
595,3.5
596,0
597,0
598,7.7
599,4.5
600,14.3
601,11.5
602,15.5
603,23.2
604,0
605,8.3
606,39.5
607,35
608,32.5
609,19.2
610,20.5
611,17.5
612,66.8
613,45
614,48.3
615,50
616,51.7
617,53.3
618,52
619,58.3
620,64.5
621,55.8
622,54.3
623,66.3
624,80.3
625,79.7
626,78.3
627,68
628,70
629,73.3
630,76.7
631,80
632,83.3
633,86.3
634,64.2
635,57.5
636,83.3
637,83.3
638,84.7
639,49.2
640,41.7
641,73.8
642,60
643,80.5
644,56.8
645,75.5
646,90.5
647,85
648,80
649,75.5
650,80.5
651,80
652,84.3
653,55.7
654,58
655,49.7
656,71.8
657,88.3
658,103.8
659,101.7
660,100
661,101.7
662,73.5
663,85.7
664,62.5
665,65
666,67.5
667,62.7
668,71.2
669,74
670,49
671,68.3
672,63.8
673,65
674,49.3
675,54.5
676,46.2
677,44
678,42.7
679,50
680,43.8
681,40
682,45
683,41.7
684,40
685,20
686,20.3
687,16
688,39.7
689,16.7
690,20
691,21.2
692,20
693,9.5
694,13.3
695,4.3
696,0
697,0
698,7.5
699,0
700,20.5
701,22.5
702,22.5
703,11.2
704,13.3
705,19.5
706,7.8
707,17.5
708,20.5
709,12
710,15.3
711,1.5
712,4.2
713,3.3
714,12.8
715,0.5
716,0.3
717,0.7
718,0
719,0
720,0
721,0
722,0
723,0
724,0
725,0
726,0
727,0
728,0
729,0
730,0
731,0
732,0
733,0
734,0
735,0
736,0
737,0
738,0
739,11
740,0
741,4
742,10.2
743,1.3
744,1.8
745,18.8
746,3.2
747,1.2
748,0
749,1.7
750,2.2
751,0.8
752,26
753,8.7
754,6.5
755,13.2
756,16.8
757,0
758,17.2
759,3.2
760,27.7
761,9.2
762,18.7
763,30.5
764,14
765,25.5
766,46.3
767,27.8
768,23.8
769,37
770,20
771,9.5
772,39.7
773,9.7
774,24.8
775,30.8
776,3.8
777,13.5
778,32.2
779,24.2
780,33.5
781,32
782,53.7
783,43.7
784,52.7
785,16.3
786,93.2
787,59.2
788,78.7
789,52.5
790,55.8
791,62
792,108.3
793,43.8
794,114.7
795,122.8
796,98
797,73.8
798,72.7
799,64.7
800,38.7
801,79.7
802,94
803,63.5
804,49.8
805,60.7
806,96.5
807,160.3
808,44
809,35.3
810,66.7
811,83.3
812,75
813,61.2
814,42.7
815,48.2
816,47.3
817,58.1
818,37.4
819,42.4
820,57.5
821,88.5
822,60.8
823,46.8
824,52.6
825,43.4
826,52.8
827,18.3
828,43
829,54.7
830,34.6
831,6.3
832,33.7
833,32.6
834,58.3
835,52.5
836,43.5
837,24.8
838,45.9
839,41.8
840,50.9
841,32
842,44.4
843,7.5
844,32.3
845,48.9
846,17.9
847,34.1
848,43.1
849,8.6
850,14.9
851,13.2
852,15.1
853,36
854,7
855,9.5
856,15.2
857,2.8
858,3
859,4.3
860,8
861,7.3
862,31.4
863,7.3
864,0.4
865,0
866,1.5
867,26.9
868,21.7
869,2.4
870,9.3
871,13.2
872,3.4
873,0
874,0.6
875,0
876,0
877,0
878,0
879,1
880,0
881,0
882,0
883,0.8
884,0
885,0
886,0
887,0
888,34
889,36
890,18
891,0
892,32.3
893,4.6
894,0
895,0
896,2.3
897,34.3
898,42
899,0
900,1.4
901,8.4
902,25.9
903,37.4
904,6.2
905,25.8
906,25.6
907,51.5
908,42.8
909,26.2
910,26
911,19.6
912,36.7
913,29.4
914,30.2
915,61.3
916,40
917,53.9
918,61.7
919,87.5
920,66
921,31.6
922,84.4
923,65.8
924,113.6
925,57.7
926,79
927,96.3
928,76.7
929,93.8
930,94.4
931,70.4
932,89.4
933,82.6
934,93.5
935,80.4
936,76.8
937,88
938,107.3
939,108.5
940,101.9
941,148.6
942,163.4
943,90.4
944,127.3
945,83.9
946,91.1
947,95
948,78.1
949,71.6
950,82.3
951,120.6
952,158.4
953,112.3
954,123.2
955,151.5
956,129.3
957,88
958,95.3
959,112.7
960,94.1
961,87
962,120.1
963,141
964,177.3
965,110.5
966,108.4
967,73.2
968,84.6
969,103.4
970,140.6
971,135.4
972,136.8
973,79
974,83.6
975,155.8
976,90.9
977,63.4
978,55.6
979,75.4
980,91.6
981,63.2
982,77.1
983,72.5
984,48.3
985,51.5
986,92.6
987,91.9
988,44.8
989,68.9
990,44.5
991,23.3
992,14.8
993,13.7
994,35.2
995,23.8
996,45.8
997,18.7
998,24.9
999,19.6
1000,4.6
1001,21.5
1002,1.7
1003,11.6
1004,9.5
1005,19.3
1006,12.5
1007,9.8
1008,16.6
1009,8.2
1010,30.1
1011,6.5
1012,2.4
1013,14.8
1014,13.1
1015,14.4
1016,6.6
1017,19.2
1018,41.3
1019,50.9
1020,57.5
1021,12.4
1022,40.7
1023,32.7
1024,102.4
1025,72.6
1026,55.2
1027,99.6
1028,98.5
1029,168
1030,158.6
1031,166.7
1032,129.3
1033,147.6
1034,179.4
1035,163.7
1036,238
1037,185.7
1038,207.9
1039,194.6
1040,179.6
1041,158.5
1042,228.9
1043,201.5
1044,343.8
1045,313.4
1046,292.6
1047,224.3
1048,230.3
1049,186.1
1050,263.4
1051,271.2
1052,223.5
1053,160.4
1054,206.2
1055,178.4
1056,216.1
1057,241.5
1058,141.3
1059,234.5
1060,211.1
1061,229.4
1062,157.6
1063,180.4
1064,131.3
1065,122.7
1066,151.5
1067,129.2
1068,132.9
1069,175.9
1070,170.8
1071,129.5
1072,102.9
1073,89.6
1074,91.2
1075,141.3
1076,218.8
1077,221.1
1078,151.5
1079,114.7
1080,106.2
1081,135.4
1082,146.1
1083,112.9
1084,109.8
1085,115.4
1086,80.9
1087,101
1088,96.4
1089,123.3
1090,91.7
1091,90.4
1092,89.5
1093,40.1
1094,49.9
1095,49.6
1096,66.9
1097,112.4
1098,92.8
1099,51.4
1100,65.4
1101,60.9
1102,47.4
1103,32.9
1104,64.8
1105,34
1106,36.8
1107,36.2
1108,44.9
1109,41.4
1110,34.2
1111,21
1112,44.4
1113,30.6
1114,63.5
1115,67.5
1116,29.3
1117,22.2
1118,5.9
1119,13.9
1120,15.8
1121,35.1
1122,17.6
1123,15.9
1124,19.6
1125,6.9
1126,8.9
1127,31.7
1128,21.2
1129,15.7
1130,24.5
1131,22.5
1132,34.6
1133,19.2
1134,6.2
1135,35.2
1136,39.7
1137,11.6
1138,35.9
1139,17.9
1140,36
1141,42.8
1142,72.8
1143,72.1
1144,95
1145,79.7
1146,51.8
1147,51
1148,53.9
1149,49.3
1150,67.8
1151,65.7
1152,99.5
1153,64.6
1154,84.9
1155,106.5
1156,115.5
1157,99.9
1158,108.4
1159,77.5
1160,91.3
1161,178.6
1162,93.4
1163,100.6
1164,109.1
1165,104.4
1166,74.9
1167,143
1168,74.6
1169,125.7
1170,142.2
1171,87.1
1172,234.3
1173,268.2
1174,300.6
1175,231.5
1176,182.6
1177,265.2
1178,186.4
1179,181.2
1180,178.6
1181,170.5
1182,214.9
1183,232
1184,220.9
1185,167.3
1186,220.6
1187,191
1188,265.8
1189,298.3
1190,250.3
1191,182.7
1192,194.7
1193,153.2
1194,154.2
1195,148.2
1196,128.6
1197,178
1198,135.7
1199,188.2
1200,184.3
1201,148.2
1202,169.8
1203,156.8
1204,83.8
1205,117
1206,133
1207,74.3
1208,117
1209,163.7
1210,134.9
1211,104.1
1212,115.9
1213,143.5
1214,200.1
1215,122.8
1216,107.3
1217,118.9
1218,120
1219,68.6
1220,109
1221,128.9
1222,118.7
1223,96.8
1224,135.5
1225,129.9
1226,126.2
1227,116.2
1228,124.3
1229,104.3
1230,89
1231,80
1232,75.3
1233,71.2
1234,127.9
1235,103.1
1236,86.1
1237,77.9
1238,81.5
1239,71.6
1240,90.4
1241,65.9
1242,76
1243,87.2
1244,95.8
1245,63.7
1246,80.5
1247,54.7
1248,44.5
1249,29.3
1250,38
1251,39.4
1252,50.3
1253,45.6
1254,40.1
1255,35.5
1256,30.1
1257,42.6
1258,24.1
1259,53.5
1260,41.1
1261,23.4
1262,21.6
1263,33
1264,8.4
1265,17.3
1266,10
1267,0.7
1268,5.9
1269,0
1270,18.3
1271,7.9
1272,5.8
1273,1
1274,9.3
1275,0.7
1276,12.4
1277,0
1278,9.8
1279,8.8
1280,11.3
1281,8.4
1282,8.5
1283,14.7
1284,13.7
1285,26
1286,14.2
1287,10
1288,21.1
1289,54.2
1290,30.5
1291,42.2
1292,32
1293,80.6
1294,77.1
1295,59.6
1296,70.7
1297,74.2
1298,66.3
1299,109.2
1300,72.8
1301,78.6
1302,84.5
1303,107.7
1304,104.9
1305,152.2
1306,173.2
1307,98.6
1308,127
1309,159
1310,166.4
1311,171.5
1312,162.9
1313,172.8
1314,165.2
1315,180.7
1316,203
1317,200.9
1318,217.8
1319,184.6
1320,153.9
1321,156.6
1322,167.9
1323,188
1324,135.7
1325,203.5
1326,206.3
1327,221.9
1328,190.5
1329,175.2
1330,171.1
1331,186
1332,181.7
1333,118.5
1334,147.5
1335,192
1336,187.1
1337,107.8
1338,167.5
1339,148.2
1340,156.7
1341,151.9
1342,127.7
1343,102
1344,152.8
1345,119.9
1346,122.4
1347,82.7
1348,102.1
1349,122.4
1350,159.7
1351,139.5
1352,118.7
1353,126.4
1354,79.8
1355,96
1356,77.6
1357,91.8
1358,107.7
1359,126
1360,77.1
1361,102.1
1362,77.6
1363,62
1364,91.3
1365,41.7
1366,75.7
1367,71.6
1368,78.1
1369,109.7
1370,89.5
1371,125.9
1372,68.1
1373,77.1
1374,109.9
1375,103.8
1376,104.1
1377,54.2
1378,64.4
1379,109.3
1380,54.3
1381,92.5
1382,74.6
1383,75
1384,55.9
1385,65.6
1386,63.8
1387,50.8
1388,71.8
1389,41
1390,32.5
1391,46.7
1392,24.3
1393,60
1394,72.9
1395,46.6
1396,33.5
1397,24.6
1398,31.4
1399,17.6
1400,24.2
1401,13.9
1402,26.8
1403,17.2
1404,2.9
1405,0
1406,1.4
1407,17.4
1408,9.7
1409,5.5
1410,2.8
1411,9.5
1412,9.1
1413,18.7
1414,25.5
1415,18.1
1416,47.9
1417,25.9
1418,26.3
1419,44
1420,61.1
1421,44.5
1422,51.8
1423,48.3
1424,57.3
1425,78.7
1426,102.8
1427,98.7
1428,112.8
1429,101.6
1430,99.9
1431,88
1432,68.4
1433,173.4
1434,180.7
1435,98.8
1436,132.7
1437,134.5
1438,99
1439,130.2
1440,174.1
1441,129
1442,191.7
1443,262.7
1444,266.9
1445,293.6
1446,226.3
1447,220.9
1448,256.5
1449,226.8
1450,244.3
1451,246
1452,216.7
1453,147.2
1454,209
1455,238.7
1456,270.9
1457,242.6
1458,152.9
1459,171.8
1460,183.7
1461,133.9
1462,148.5
1463,175.7
1464,150.8
1465,132.7
1466,200.3
1467,147.5
1468,170.4
1469,179.5
1470,183.3
1471,176
1472,155
1473,191.1
1474,171.2
1475,186.8
1476,139.9
1477,144.6
1478,178.4
1479,164
1480,127.1
1481,80
1482,74.8
1483,111.7
1484,113.8
1485,78.7
1486,78.6
1487,92.5
1488,82
1489,101.4
1490,107.1
1491,77.5
1492,53.5
1493,74.6
1494,63.8
1495,113.2
1496,102.3
1497,46.8
1498,57.4
1499,48.2
1500,48.8
1501,24.4
1502,35.9
1503,56.4
1504,48.6
1505,19.2
1506,39.9
1507,20.9
1508,24.4
1509,4
1510,21.3
1511,29.6
1512,16.5
1513,23.9
1514,25.1
1515,51.1
1516,3.9
1517,8.5
1518,2.7
1519,25.5
1520,14.8
1521,16.6
1522,23.9
1523,16.6
1524,13.6
1525,40.6
1526,14.5
1527,19.9
1528,26.3
1529,36.1
1530,23.6
1531,10
1532,10.5
1533,28.1
1534,11.2
1535,23.6
1536,3.5
1537,5.5
1538,11
1539,13.1
1540,0.2
1541,9.9
1542,10.7
1543,0.2
1544,0
1545,8.8
1546,1.9
1547,6.8
1548,0.9
1549,1.6
1550,0.9
1551,0
1552,10.4
1553,4
1554,8
1555,12.6
1556,17.9
1557,10.1
1558,20.4
1559,21.9
1560,12.2
1561,40.1
1562,45.4
1563,32.1
1564,32.4
1565,39.1
1566,56.9
1567,36.5
1568,80.3
1569,110.1
1570,71.7
1571,51.1
1572,49.4
1573,60.6
1574,88.6
1575,85.8
1576,86.1
1577,72.5
1578,100.8
1579,128.2
1580,97.3
1581,88.6
1582,107.3
1583,91.5
1584,78.8
1585,75
1586,115.9
1587,111.5
1588,159.6
1589,106.9
1590,75.4
1591,75.7
1592,67.5
1593,96.1
1594,98.6
1595,140.6
1596,69.7
1597,101
1598,78.2
1599,71.3
1600,136.8
1601,52.5
1602,127.2
1603,134.4
1604,76.6
1605,87.8
1606,139.6
1607,140.8
1608,126.5
1609,152.6
1610,144.8
1611,145.8
1612,126.9
1613,110.9
1614,85.3
1615,88.5
1616,93.1
1617,103.1
1618,79.6
1619,60.9
1620,78.6
1621,71.4
1622,119.7
1623,82.9
1624,91.7
1625,121.6
1626,139.5
1627,110.9
1628,83.5
1629,66
1630,64.5
1631,51.6
1632,36.3
1633,49.8
1634,43.2
1635,95.5
1636,72.9
1637,51.2
1638,45.3
1639,50.4
1640,28.1
1641,35.7
1642,14.4
1643,0.6
1644,21.7
1645,17
1646,22
1647,7.1
1648,11.6
1649,33.4
1650,26.1
1651,38.9
1652,35.7
1653,12.4
1654,11
1655,11.5
1656,34.5
1657,21.2
1658,11.8
1659,13.1
1660,8.5
1661,11.7
1662,11.8
1663,5
1664,4.6
1665,14.6
1666,3.4
1667,17.9
1668,11.1
1669,1.3
1670,14.2
1671,11.1
1672,7.3
1673,4
1674,10.8
1675,15.8
1676,34.3
1677,10.9
1678,3.4
1679,0.3
1680,11.2
1681,8.8
1682,1.1
1683,8.5
1684,2.7
1685,7.9
1686,2.2
1687,19.3
1688,14.2
1689,28.6
1690,18.6
1691,15.9
1692,13.1
1693,22.5
1694,36.9
1695,17.2
1696,34.2
1697,68.5
1698,80.4
1699,98
1700,55.1
1701,89.7
1702,86
1703,69.8
1704,54.3
1705,115.2
1706,126.1
1707,83.3
1708,116
1709,132.7
1710,127.3
1711,127.6
1712,169
1713,104.7
1714,117.5
1715,108.9
1716,131
1717,125
1718,121.6
1719,109.5
1720,146.8
1721,141.3
1722,149.8
1723,147.6
1724,215.4
1725,129.9
1726,133.3
1727,125.2
1728,156.4
1729,138.6
1730,141
1731,87.1
1732,136
1733,168.7
1734,164.8
1735,176.7
1736,117.1
1737,110
1738,125.7
1739,94.3
1740,100.1
1741,105.4
1742,112
1743,101.6
1744,128.2
1745,112.5
1746,119.1
1747,79.7
1748,114.9
1749,96.1
1750,113.2
1751,78.6
1752,117.9
1753,48.4
1754,95.7
1755,86.5
1756,73
1757,46.1
1758,81.7
1759,75.2
1760,45.4
1761,102.2
1762,47.9
1763,63.3
1764,71
1765,67.6
1766,49
1767,48.7
1768,51.7
1769,33.3
1770,18.9
1771,46.1
1772,36.4
1773,80.4
1774,23.9
1775,14
1776,55.5
1777,50.4
1778,60.7
1779,63.9
1780,24.2
1781,43
1782,37.1
1783,15
1784,52.3
1785,58.1
1786,57.1
1787,51.6
1788,21.1
1789,32.4
1790,15.3
1791,30.3
1792,23.6
1793,12.9
1794,34.1
1795,22.5
1796,4.9
1797,14
1798,21.7
1799,13
1800,17.6
1801,15.7
1802,22.8
1803,14.4
1804,26.8
1805,25.3
1806,20.1
1807,13.9
1808,7.1
1809,13.9
1810,21.6
1811,7.5
1812,0.5
1813,0.4
1814,4
1815,7.4
1816,0
1817,17
1818,9.7
1819,1.2
1820,1.7
1821,0.9
1822,6.3
1823,6.4
1824,0
1825,9.3
1826,0
1827,20.7
1828,0
1829,4.7
1830,2.4
1831,1.5
1832,3.8
1833,12.6
1834,27.2
1835,17.2
1836,1.8
1837,13.9
1838,28.4
1839,22.5
1840,43.5
1841,24.3
1842,27.2
1843,46.4
1844,48
1845,18.5
1846,64.8
1847,74.2
1848,76.2
1849,52.6
1850,40.8
1851,61.9
1852,71.6
1853,65.7
1854,69.8
1855,84.3
1856,97.1
1857,50.2
1858,90.4
1859,63.4
1860,91.1
1861,91.2
1862,143
1863,94.3
1864,65.5
1865,79.9
1866,81.6
1867,121.6
1868,98.1
1869,91.8
1870,131.2
1871,178.7
1872,92.5
1873,75.8
1874,52.3
1875,107.4
1876,92.2
1877,96.2
1878,105.3
1879,172.7
1880,79.6
1881,93.5
1882,29.7
1883,64.8
1884,108
1885,127.4
1886,180.3
1887,101.1
1888,87.6
1889,71.4
1890,67.2
1891,82.9
1892,90.5
1893,141.7
1894,109.1
1895,102.5
1896,78.9
1897,65.4
1898,56.6
1899,47.9
1900,96.1
1901,68
1902,80.2
1903,65.8
1904,150.9
1905,144.9
1906,53.9
1907,75.9
1908,65.9
1909,94.6
1910,77.6
1911,110.5
1912,53.7
1913,60
1914,37.8
1915,59.6
1916,38.5
1917,64.7
1918,97.4
1919,93
1920,90.2
1921,44
1922,52.5
1923,35.7
1924,14.1
1925,36.9
1926,20.5
1927,23.5
1928,19.3
1929,43.7
1930,63.9
1931,8.3
1932,9.6
1933,5.6
1934,15
1935,13
1936,27.6
1937,15.1
1938,3.7
1939,5.9
1940,6.7
1941,6.7
1942,4.5
1943,7
1944,3.7
1945,0.4
1946,0
1947,8.2
1948,7.6
1949,7.4
1950,6.9
1951,4.9
1952,0.5
1953,15.9
1954,7.6
1955,1.9
1956,10.6
1957,3.8
1958,4.8
1959,0.8
1960,1.6
1961,0
1962,0
1963,2.9
1964,0.4
1965,2
1966,5.2
1967,1.2
1968,6.3
1969,4.7
1970,4.4
1971,5.3
1972,28.9
1973,8.7
1974,19.1
1975,9.1
1976,12.9
1977,21.2
1978,13.7
1979,27.3
1980,37.3
1981,38.5
1982,70.4
1983,64.8
1984,68.9
1985,55.1
1986,114.7
1987,119.4
1988,116
1989,82.4
1990,89.1
1991,70.9
1992,57.5
1993,75.5
1994,92.4
1995,111.7
1996,119.8
1997,124
1998,112.9
1999,89.3
2000,58.6
2001,75.1
2002,84.5
2003,109.5
2004,88.3
2005,124.5
2006,119.9
2007,158
2008,124.6
2009,190.2
2010,191.4
2011,199.7
2012,257.7
2013,215.6
2014,120.3
2015,160.7
2016,215.5
2017,160
2018,108.7
2019,120.4
2020,134.1
2021,127.9
2022,99
2023,179.5
2024,169.6
2025,133.2
2026,141.7
2027,139
2028,98.5
2029,80.2
2030,132.5
2031,110.9
2032,86.3
2033,146.9
2034,185.3
2035,107.8
2036,115.1
2037,91.1
2038,88
2039,69.9
2040,58
2041,85.3
2042,89.8
2043,116.9
2044,24.7
2045,55.4
2046,64.6
2047,45.7
2048,31.9
2049,60.5
2050,82.7
2051,45.3
2052,49.8
2053,52.5
2054,47.1
2055,44.5
2056,54
2057,37
2058,56.2
2059,69.7
2060,38
2061,29.6
2062,30.3
2063,29.6
2064,33.9
2065,19.7
2066,43.9
2067,91.3
2068,18.3
2069,13.4
2070,9.8
2071,18.3
2072,10.9
2073,7.8
2074,10.4
2075,12.2
2076,29
2077,7.5
2078,2.5
2079,5.5
2080,10.2
2081,5.3
2082,15.3
2083,5.9
2084,0.8
2085,22.1
2086,19.5
2087,16.7
2088,4.6
2089,0.8
2090,8.5
2091,3
2092,18.9
2093,34.6
2094,40
2095,46.9
2096,32.1
2097,41.9
2098,42.6
2099,37.5
2100,27.5
2101,9.1
2102,38.6
2103,30
2104,53
2105,71.4
2106,79.1
2107,64.2
2108,63.3
2109,100.3
2110,115.3
2111,97.6
2112,164.4
2113,119.7
2114,116.4
2115,104.2
2116,64.2
2117,107
2118,122.4
2119,87.2
2120,102.7
2121,101.4
2122,119.3
2123,100.8
2124,132.4
2125,136
2126,155.1
2127,116.1
2128,155.8
2129,131.9
2130,98.5
2131,91.6
2132,89.6
2133,114.1
2134,105.2
2135,112.1
2136,75.3
2137,139.2
2138,122.4
2139,142.4
2140,134.3
2141,128.3
2142,152.4
2143,163.4
2144,139.6
2145,149.6
2146,102.3
2147,83.9
2148,98.3
2149,114.8
2150,104.7
2151,83.8
2152,87.9
2153,97
2154,119.9
2155,117.1
2156,109.6
2157,57.3
2158,90.1
2159,135.1
2160,179.9
2161,108.8
2162,83.1
2163,58.4
2164,63.7
2165,61.4
2166,48
2167,36.5
2168,41.5
2169,53.5
2170,57.2
2171,59.4
2172,43
2173,24.4
2174,71.8
2175,50.1
2176,52
2177,40.8
2178,25.5
2179,29
2180,21.6
2181,31.7
2182,16.6
2183,31.2
2184,29.7
2185,20.1
2186,17.6
2187,18.8
2188,18.7
2189,29.7
2190,36.9
2191,16
2192,11.3
2193,6.6
2194,14.8
2195,13.7
2196,18.5
2197,20.4
2198,36.9
2199,16.8
2200,4.9
2201,5.3
2202,8.7
2203,4.7
2204,0.4
2205,8.5
2206,5
2207,1
2208,0.4
2209,5.7
2210,12.9
2211,7.2
2212,18.8
2213,32.9
2214,11.2
2215,15.3
2216,13.9
2217,6.7
2218,9.5
2219,14.5
2220,25.7
2221,31.1
2222,34.1
2223,38.5
2224,20.4
2225,45.4
2226,76.2
2227,56.5
2228,50.2
2229,70.1
2230,88.7
2231,107
2232,102.5
2233,104.7
2234,123.9
2235,128.4
2236,124.8
2237,90.9
2238,116.7
2239,87.2
2240,145
2241,126.7
2242,148.2
2243,192.3
2244,205.6
2245,220.9
2246,214.1
2247,139.7
2248,182.2
2249,194.4
2250,217.1
2251,241.8
2252,229.5
2253,167.9
2254,208.2
2255,123.9
2256,147.9
2257,164
2258,198.6
2259,144.2
2260,168.4
2261,212.3
2262,162.6
2263,275.6
2264,192.8
2265,149.3
2266,165.3
2267,203.6
2268,154.7
2269,133.9
2270,129
2271,107.8
2272,181.9
2273,197.3
2274,168.3
2275,162.6
2276,176.3
2277,187.7
2278,146.9
2279,113.7
2280,70.2
2281,84.1
2282,99.1
2283,138.9
2284,101.1
2285,90.6
2286,139.8
2287,112.5
2288,175.9
2289,110.8
2290,91.5
2291,97.4
2292,113.8
2293,76.1
2294,74.3
2295,77.5
2296,54.6
2297,49
2298,99.6
2299,111.4
2300,100.1
2301,109.8
2302,77.2
2303,64
2304,56.2
2305,59.5
2306,87.9
2307,90.4
2308,101.2
2309,41.8
2310,18.9
2311,29.6
2312,33.7
2313,28.7
2314,32
2315,51.3
2316,37.6
2317,20.7
2318,48.1
2319,45.7
2320,43.5
2321,23.6
2322,12.7
2323,22
2324,32.3
2325,16.7
2326,13
2327,17
2328,31.4
2329,6.1
2330,0.8
2331,18.3
2332,0.4
2333,4.1
2334,8.2
2335,8.5
2336,27.9
2337,23.7
2338,28.1
2339,17.9
2340,47.4
2341,30.8
2342,21.2
2343,35.9
2344,53.4
2345,51
2346,60.2
2347,71
2348,43.1
2349,58.1
2350,114.5
2351,76.6
2352,45.7
2353,79.3
2354,143.8
2355,127.7
2356,126.1
2357,141.6
2358,122.6
2359,193.7
2360,178.7
2361,157.4
2362,170.5
2363,206.3
2364,202.9
2365,163.7
2366,188.9
2367,183.8
2368,212.1
2369,285
2370,232.1
2371,223.5
2372,267.4
2373,239.9
2374,231.7
2375,181.3
2376,164.9
2377,153.6
2378,122
2379,134.3
2380,268.5
2381,246.4
2382,237.5
2383,201.4
2384,223.7
2385,202.9
2386,192.9
2387,135.6
2388,195.3
2389,168.6
2390,258
2391,223
2392,208.1
2393,150.4
2394,172.4
2395,178.3
2396,175.3
2397,205.8
2398,186.3
2399,203.2
2400,166.6
2401,143.9
2402,134.3
2403,155.4
2404,160.6
2405,150.5
2406,118.3
2407,128.9
2408,120.6
2409,72.7
2410,87
2411,77.7
2412,76.7
2413,85
2414,84.8
2415,79.3
2416,131.7
2417,153.7
2418,142.4
2419,87.2
2420,86.5
2421,117.7
2422,73.3
2423,74.2
2424,65
2425,57.9
2426,32.4
2427,31.5
2428,41.7
2429,33.6
2430,52
2431,56.1
2432,77.8
2433,40.4
2434,34.2
2435,31.8
2436,48.9
2437,37.9
2438,5.9
2439,14.7
2440,39.6
2441,18.3
2442,31.5
2443,12.7
2444,33.6
2445,28
2446,12.3
2447,2.5
2448,3.9
2449,0.4
2450,0.8
2451,15.8
2452,2.7
2453,1.2
2454,0.4
2455,7.3
2456,12.6
2457,2.3
2458,10.5
2459,13.4
2460,11.3
2461,33.4
2462,29.9
2463,7.3
2464,16.4
2465,41.3
2466,45.2
2467,38.2
2468,58
2469,60.8
2470,83
2471,126.3
2472,108.8
2473,104.1
2474,175.6
2475,167.7
2476,156.7
2477,193.4
2478,165.1
2479,182.7
2480,240.2
2481,245.4
2482,219.9
2483,285
2484,272
2485,233.7
2486,184.5
2487,222.8
2488,248
2489,233
2490,284.3
2491,265.1
2492,223.7
2493,334
2494,359.4
2495,298.6
2496,339
2497,286.7
2498,233.6
2499,270
2500,277.6
2501,248.2
2502,242.9
2503,271
2504,283.5
2505,285.1
2506,256.9
2507,215.6
2508,265.7
2509,307.7
2510,202.6
2511,263
2512,231.3
2513,243.6
2514,238.9
2515,211.9
2516,282.6
2517,205.6
2518,157.7
2519,175.6
2520,177.1
2521,207.2
2522,149.9
2523,144.6
2524,172.7
2525,169.3
2526,156
2527,172.4
2528,190
2529,180.1
2530,117.3
2531,126.9
2532,121.2
2533,82.1
2534,65.4
2535,75.2
2536,86.9
2537,72.3
2538,109.5
2539,99.3
2540,79.2
2541,90.1
2542,53.7
2543,46.5
2544,56.9
2545,55.1
2546,71.7
2547,64.9
2548,65.9
2549,61.9
2550,59.6
2551,31.4
2552,31.5
2553,72.7
2554,56.1
2555,38.8
2556,33.2
2557,28.7
2558,35.2
2559,24.8
2560,41.7
2561,61.1
2562,51.2
2563,28.7
2564,47.5
2565,55.2
2566,50.1
2567,33.7
2568,21.6
2569,22.6
2570,25.3
2571,24.1
2572,12.9
2573,14.3
2574,13.5
2575,4.8
2576,13.8
2577,7
2578,9.2
2579,11.1
2580,22.1
2581,25.4
2582,20.8
2583,17.5
2584,10.2
2585,34.5
2586,23.3
2587,17.3
2588,13.3
2589,24.5
2590,29.1
2591,22.8
2592,24.7
2593,40.3
2594,35.3
2595,36.4
2596,69
2597,64.2
2598,67.7
2599,80.2
2600,72.6
2601,71.1
2602,81.2
2603,81
2604,99.8
2605,157
2606,132.6
2607,158.3
2608,98.4
2609,122.5
2610,95.4
2611,129.5
2612,151.8
2613,108.7
2614,125
2615,133.6
2616,179
2617,172.5
2618,158.5
2619,130.5
2620,115
2621,180
2622,156.2
2623,136.2
2624,154.8
2625,166
2626,152.5
2627,121.7
2628,155.5
2629,147.8
2630,170.5
2631,192.3
2632,151.1
2633,169.9
2634,150.1
2635,137.1
2636,138.8
2637,129.3
2638,135.4
2639,132.4
2640,138.6
2641,157.9
2642,180.8
2643,145.7
2644,155.1
2645,180.5
2646,151.3
2647,159.3
2648,131.7
2649,140.8
2650,122.6
2651,134.8
2652,118.2
2653,129.2
2654,111.8
2655,85.9
2656,101.6
2657,81.5
2658,70.7
2659,114.7
2660,87
2661,71.3
2662,73.4
2663,89.5
2664,116.5
2665,87
2666,125.3
2667,113.5
2668,89.6
2669,113.9
2670,124.7
2671,108.3
2672,108.9
2673,90.7
2674,86.9
2675,59.2
2676,64.3
2677,61.8
2678,60.9
2679,65.4
2680,81.8
2681,60.3
2682,56.1
2683,33.2
2684,36.6
2685,84.1
2686,43.7
2687,34.3
2688,33.3
2689,39.4
2690,37.3
2691,30.9
2692,57.5
2693,56.3
2694,51.5
2695,79.1
2696,47.9
2697,57.2
2698,67.2
2699,35.9
2700,29.6
2701,27.3
2702,16.7
2703,16.9
2704,7.7
2705,13.1
2706,16.7
2707,40.4
2708,56.7
2709,20.3
2710,13.6
2711,27.9
2712,11.6
2713,11.9
2714,6.4
2715,31.5
2716,27.3
2717,18.2
2718,17.9
2719,2.9
2720,24.1
2721,20
2722,29.7
2723,7.9
2724,22.3
2725,23.8
2726,33.3
2727,13
2728,19
2729,27
2730,54.9
2731,30.6
2732,43
2733,62.4
2734,62.1
2735,41.6
2736,61.4
2737,73.7
2738,132.6
2739,108.4
2740,141.2
2741,117.1
2742,134.6
2743,99.7
2744,82.4
2745,195.7
2746,177.1
2747,138.5
2748,173.9
2749,235.9
2750,194.7
2751,195.3
2752,143.7
2753,190.3
2754,211.7
2755,225.7
2756,201.4
2757,266.9
2758,263.6
2759,259.5
2760,249.6
2761,226.1
2762,219.4
2763,178.7
2764,232.2
2765,254.7
2766,222.7
2767,192.9
2768,191.7
2769,219.6
2770,233.3
2771,209.5
2772,246.9
2773,156.6
2774,189.9
2775,196.6
2776,225.3
2777,194.7
2778,131.6
2779,205.3
2780,242.5
2781,245.3
2782,216.2
2783,186
2784,195.4
2785,149.8
2786,230.9
2787,221.1
2788,170.3
2789,119.3
2790,163.7
2791,139.4
2792,161.9
2793,167.4
2794,134.3
2795,127.5
2796,169
2797,115.5
2798,73.1
2799,88.7
2800,109.6
2801,132.5
2802,131.5
2803,108.9
2804,96
2805,69.9
2806,72.5
2807,45.7
2808,45.6
2809,74.8
2810,110.2
2811,116.7
2812,90.4
2813,96.9
2814,65.1
2815,55.7
2816,35
2817,22.6
2818,12.6
2819,26.5
2820,21.4
2821,17.8
2822,20.7
2823,16.9
2824,20.4
2825,32.4
2826,28.3
2827,39.9
2828,10.1
2829,4.3
2830,22
2831,17.9
2832,15.8
2833,2.8
2834,27.9
2835,13.8
2836,22.4
2837,16.1
2838,0.6
2839,18.1
2840,9.9
2841,5.1
2842,40.1
2843,15.4
2844,5.8
2845,9.8
2846,3.4
2847,17.4
2848,46
2849,39.1
2850,18.8
2851,38.2
2852,47.9
2853,42.2
2854,63.4
2855,48.8
2856,29.1
2857,70.5
2858,45.4
2859,91.2
2860,108.8
2861,74.2
2862,124.3
2863,131.4
2864,139.4
2865,142.7
2866,156.5
2867,156.8
2868,231.2
2869,210.1
2870,208.7
2871,170.4
2872,166.3
2873,195.4
2874,284.5
2875,180.5
2876,232
2877,225.1
2878,212.2
2879,238.2
2880,211.4
2881,227.4
2882,171.8
2883,191.7
2884,189.7
2885,175.2
2886,153.3
2887,191.1
2888,252.1
2889,169.1
2890,199.4
2891,178.8
2892,197.1
2893,195.3
2894,240.3
2895,197
2896,197.6
2897,166.9
2898,224.7
2899,240.2
2900,240.8
2901,168.9
2902,197.1
2903,159.5
2904,212.6
2905,198.3
2906,230.7
2907,151
2908,142.2
2909,94.3
2910,98.5
2911,114.2
2912,91.9
2913,94
2914,133.4
2915,129.6
2916,122
2917,81.4
2918,127.8
2919,102.4
2920,94.4
2921,78.8
2922,69.6
2923,80.4
2924,62.5
2925,31.2
2926,71.1
2927,48.2
2928,68.4
2929,84.9
2930,54.9
2931,47.5
2932,27.4
2933,29.8
2934,39.7
2935,50.6
2936,34.3
2937,40.5
2938,67.1
2939,29.5
2940,32.2
2941,32.6
2942,45.8
2943,46.3
2944,21.6
2945,19.4
2946,22.5
2947,20.4
2948,18.2
2949,15.7
2950,30.6
2951,14
2952,14.9
2953,13.3
2954,7.7
2955,12.6
2956,6.8
2957,7.6
2958,16.5
2959,11.8
2960,19.7
2961,3
2962,0.7
2963,24.9
2964,14
2965,7.4
2966,11
2967,12.1
2968,23
2969,25.4
2970,20.8
2971,12.9
2972,35.7
2973,59.7
2974,32.8
2975,50.4
2976,55.5
2977,44.5
2978,50.2
2979,82
2980,70.6
2981,74
2982,90.5
2983,96.7
2984,121.1
2985,132
2986,78.5
2987,97.3
2988,119.2
2989,86
2990,98
2991,103.5
2992,93.6
2993,149.6
2994,207.2
2995,173.5
2996,142.3
2997,106.3
2998,168.7
2999,188.3
3000,116.8
3001,133.1
3002,165.7
3003,217.7
3004,191.5
3005,165.9
3006,188
3007,244.3
3008,180.5
3009,156
3010,141.6
3011,158.1
3012,143.3
3013,142.6
3014,121.5
3015,165.8
3016,161.7
3017,142.1
3018,202.9
3019,123
3020,161.5
3021,238.2
3022,194.1
3023,176.6
3024,213.4
3025,184.6
3026,170.2
3027,147.1
3028,186.9
3029,187.5
3030,128.8
3031,161
3032,175.6
3033,187.9
3034,151.2
3035,147.2
3036,135.3
3037,133.5
3038,75.7
3039,100.7
3040,97.9
3041,86.8
3042,118.7
3043,128.3
3044,115.4
3045,78.5
3046,97.8
3047,82.9
3048,72.2
3049,60.6
3050,74.6
3051,74.8
3052,59.2
3053,72.8
3054,66.5
3055,83.8
3056,69.7
3057,48.8
3058,74.2
3059,70.1
3060,28.9
3061,48.1
3062,43.5
3063,39.6
3064,38.7
3065,61.9
3066,56.8
3067,62.4
3068,60.5
3069,37.2
3070,13.2
3071,27.5
3072,59.3
3073,20.9
3074,5.7
3075,17.3
3076,50.3
3077,37.2
3078,24.5
3079,22.2
3080,20.8
3081,23.7
3082,14.9
3083,35.7
3084,22.3
3085,29.3
3086,18.4
3087,7.2
3088,5.4
3089,19.5
3090,21.3
3091,15.1
3092,9.8
3093,4
3094,1.5
3095,2.8
3096,17.3
3097,4.1
3098,2.9
3099,15.5
3100,3.6
3101,4.6
3102,5.2
3103,0.6
3104,0.3
3105,1.2
3106,4.2
3107,6.6
3108,1
3109,1.3
3110,1.2
3111,0.6
3112,1.2
3113,2.9
3114,6.3
3115,5.5
3116,0
3117,7.1
3118,7.7
3119,6.9
3120,16.3
3121,19.5
3122,28.5
3123,24
3124,10.4
3125,13.9
3126,18.8
3127,25.2
3128,29.6
3129,36.4
3130,33.6
3131,34.4
3132,24.5
3133,27.3
3134,48.3
3135,78.6
3136,76.1
3137,58.2
3138,56.1
3139,64.5
3140,65.8
3141,120.1
3142,125.7
3143,139.1
3144,109.3
3145,94.4
3146,47.8
3147,86.6
3148,85.9
3149,96.5
3150,92
3151,100.1
3152,94.8
3153,93.7
3154,76.5
3155,87.6
3156,56.8
3157,96.1
3158,60.9
3159,78.3
3160,107.3
3161,120.2
3162,76.7
3163,86.2
3164,91.8
3165,54.5
3166,114.4
3167,113.9
3168,124.2
3169,117
3170,146.1
3171,128.7
3172,112.5
3173,112.5
3174,102.9
3175,100.2
3176,106.9
3177,130
3178,90
3179,103.6
3180,112.9
3181,93
3182,66.7
3183,54.5
3184,75.3
3185,88.8
3186,66.5
3187,65.8
3188,64.4
3189,78.6
3190,63.6
3191,62.2
3192,58
3193,57
3194,56.4
3195,54.1
3196,37.9
3197,51.5
3198,20.5
3199,32.4
3200,50.2
3201,44.6
3202,33.4
3203,21.4
3204,18.5
3205,26.1
3206,26.4
3207,17.7
3208,32.3
3209,18.9
3210,19.2
3211,17.8
3212,32.6
3213,43.7
3214,13.2
3215,5.7
3216,8.2
3217,6.8
3218,10.7
3219,2.5
3220,8.9
3221,13.1
3222,15.6
3223,1.6
3224,8.7
3225,3.3
3226,4.9
3227,4.9
3228,3.1
3229,7.7
3230,0.8
3231,9.4
3232,9.1
3233,9.9
3234,1.2
3235,0.9
3236,0.5
3237,1.1
3238,0.4
3239,0.5
3240,1.5
3241,6.2
3242,0.2
3243,1.5
3244,5.2
3245,0.2
3246,5.8
3247,6.1
3248,7.5
3249,0.6
3250,14.4
3251,34
3252,21.8
